Workbook

Sheet Demanda Agregada
B1: PIB Real (milllones de pesos de 2003) | C1: Exportaciones FOB (millones de pesos de 2003) | D1: Importaciones CIF (millones de pesos de 2003) | E1: Exportaciones netas | F1: FBKF en maquinaria | G1: FBKF en construcción | H1: Variación de inventarios | I1: Inversión Interna Bruta | J1: Consumo del Gobierno | K1: Consumo privado
A2: 1860 | B2: =[1]Producción!O2 -> 554064.16 | C2: 67069.668 | D2: 50736.024 | E2: =C2-D2 -> 16333.644 | F2: 1600.9074 | G2: 20325.148 | H2: 3809.8886 | I2: =F2+G2+H2 -> 25735.944 | J2: 28136.602 | K2: =B2-(E2+I2+J2) -> 483857.97
A3: 1861 | B3: =[1]Producción!O3 -> 560876.79 | C3: 54902.524 | D3: 40065.233 | E3: =C3-D3 -> 14837.291 | F3: 1961.661 | G3: 20729.524 | H3: -3067.1338 | I3: =F3+G3+H3 -> 19624.051 | J3: 27565.335 | K3: =B3-(E3+I3+J3) -> 498850.11
A4: 1862 | B4: =[1]Producción!O4 -> 566004.83 | C4: 59505.528 | D4: 42195.815 | E4: =C4-D4 -> 17309.713 | F4: 1254.5353 | G4: 21446.446 | H4: -459.74317 | I4: =F4+G4+H4 -> 22241.238 | J4: 27823.715 | K4: =B4-(E4+I4+J4) -> 498630.17
A5: 1863 | B5: =[1]Producción!O5 -> 601499.33 | C5: 63914.234 | D5: 48319.52 | E5: =C5-D5 -> 15594.714 | F5: 1376.6813 | G5: 22787.199 | H5: 2350.9663 | I5: =F5+G5+H5 -> 26514.847 | J5: 29160.195 | K5: =B5-(E5+I5+J5) -> 530229.57
A6: 1864 | B6: =[1]Producción!O6 -> 635783.91 | C6: 79927.225 | D6: 46684.831 | E6: =C6-D6 -> 33242.394 | F6: 1624.2368 | G6: 24243.752 | H6: -3019.1507 | I6: =F6+G6+H6 -> 22848.838 | J6: 35966.166 | K6: =B6-(E6+I6+J6) -> 543726.51
A7: 1865 | B7: =[1]Producción!O7 -> 653236.15 | C7: 78304.431 | D7: 55058.421 | E7: =C7-D7 -> 23246.01 | F7: 1659.2004 | G7: 26916.755 | H7: 3305.4182 | I7: =F7+G7+H7 -> 31881.373 | J7: 44297.336 | K7: =B7-(E7+I7+J7) -> 553811.43
A8: 1866 | B8: =[1]Producción!O8 -> 656390.84 | C8: 84998.342 | D8: 48634.869 | E8: =C8-D8 -> 36363.472 | F8: 2196.9502 | G8: 30840.814 | H8: -5926.7645 | I8: =F8+G8+H8 -> 27111 | J8: 53733.644 | K8: =B8-(E8+I8+J8) -> 539182.72
A9: 1867 | B9: =[1]Producción!O9 -> 685354.18 | C9: 90383.917 | D9: 66691.887 | E9: =C9-D9 -> 23692.029 | F9: 1917.8516 | G9: 30990.136 | H9: 3694.118 | I9: =F9+G9+H9 -> 36602.105 | J9: 54031.356 | K9: =B9-(E9+I9+J9) -> 571028.69
A10: 1868 | B10: =[1]Producción!O10 -> 722845.63 | C10: 97403.274 | D10: 73246.424 | E10: =C10-D10 -> 24156.85 | F10: 2227.0288 | G10: 30878.154 | H10: 1529.1783 | I10: =F10+G10+H10 -> 34634.361 | J10: 52066.258 | K10: =B10-(E10+I10+J10) -> 611988.16
A11: 1869 | B11: =[1]Producción!O11 -> 774881.43 | C11: 111275.09 | D11: 76743.312 | E11: =C11-D11 -> 34531.781 | F11: 840.64421 | G11: 33048.591 | H11: -1641.4957 | I11: =F11+G11+H11 -> 32247.74 | J11: 49988.725 | K11: =B11-(E11+I11+J11) -> 658113.18
A12: 1870 | B12: =[1]Producción!O12 -> 776194.09 | C12: 89634.854 | D12: 81498.221 | E12: =C12-D12 -> 8136.6324 | F12: 2877.6768 | G12: 35894.316 | H12: 2409.7643 | I12: =F12+G12+H12 -> 41181.757 | J12: 52348.099 | K12: =B12-(E12+I12+J12) -> 674527.6
A13: 1871 | B13: =[1]Producción!O13 -> 812288.84 | C13: 101219.94 | D13: 77516.305 | E13: =C13-D13 -> 23703.636 | F13: 1864.7658 | G13: 39474.265 | H13: -6112.6658 | I13: =F13+G13+H13 -> 35226.365 | J13: 51080.658 | K13: =B13-(E13+I13+J13) -> 702278.18
... A81: 1939 | B81: =[1]Producción!O81 -> 4652165.4 | C81: 746263.05 | D81: 518149.11 | E81: =C81-D81 -> 228113.94 | F81: 79565.565 | G81: 601327.04 | H81: -33064.181 | I81: =F81+G81+H81 -> 647828.42 | J81: 593749.34 | K81: =B81-(E81+I81+J81) -> 3182473.7
A82: 1940 | B82: =[1]Producción!O82 -> 4894315.7 | C82: 771963.91 | D82: 582012.76 | E82: =C82-D82 -> 189951.14 | F82: 85435.387 | G82: 596470 | H82: 8650.1016 | I82: 690555.49 | J82: 652961.77 | K82: =B82-(E82+I82+J82) -> 3360847.3
A83: 1941 | B83: =[1]Producción!O83 -> 4902179.7 | C83: 859455.02 | D83: 578138.07 | E83: =C83-D83 -> 281316.95 | F83: 81536.572 | G83: 590749 | H83: 8528.0724 | I83: 680813.64 | J83: 750948.97 | K83: =B83-(E83+I83+J83) -> 3189100.2
A84: 1942 | B84: =[1]Producción!O84 -> 5063603.3 | C84: 879238.94 | D84: 538340.24 | E84: =C84-D84 -> 340898.71 | F84: 67028.242 | G84: 467716 | H84: 6783.3341 | I84: 541527.58 | J84: 707482.58 | K84: =B84-(E84+I84+J84) -> 3473694.5
A85: 1943 | B85: =[1]Producción!O85 -> 5208526.5 | C85: 842325.73 | D85: 473842.07 | E85: =C85-D85 -> 368483.66 | F85: 67266.708 | G85: 506838 | H85: 7282.6292 | I85: 581387.34 | J85: 783575.59 | K85: =B85-(E85+I85+J85) -> 3475079.9
A86: 1944 | B86: =[1]Producción!O86 -> 5307107.9 | C86: 903555.63 | D86: 486883.67 | E86: =C86-D86 -> 416671.96 | F86: 52088.137 | G86: 593541 | H86: 8189.9304 | I86: 653819.07 | J86: 787439.27 | K86: =B86-(E86+I86+J86) -> 3449177.6
A87: 1945 | B87: =[1]Producción!O87 -> 5765048.2 | C87: 955760.7 | D87: 519109.14 | E87: =C87-D87 -> 436651.56 | F87: 64565.387 | G87: 617340 | H87: 8650.1016 | I87: 690555.49 | J87: 960124.26 | K87: =B87-(E87+I87+J87) -> 3677716.9
A88: 1946 | B88: =[1]Producción!O88 -> 6258938.4 | C88: 919567.68 | D88: 541096.31 | E88: =C88-D88 -> 378471.37 | F88: 97988.884 | G88: 846442 | H88: 11980.288 | I88: 956411.17 | J88: 1012069.3 | K88: =B88-(E88+I88+J88) -> 3911986.6
A89: 1947 | B89: =[1]Producción!O89 -> 5585719.8 | C89: 832615.94 | D89: 582855.65 | E89: =C89-D89 -> 249760.3 | F89: 166934.86 | G89: 871124 | H89: 13167.977 | I89: 1051226.8 | J89: 966993.03 | K89: =B89-(E89+I89+J89) -> 3317739.7
A90: 1948 | B90: =[1]Producción!O90 -> 6512764.5 | C90: 922501.71 | D90: 580107.24 | E90: =C90-D90 -> 342394.47 | F90: 159160.3 | G90: 762653 | H90: 11693.38 | I90: 933506.68 | J90: 968924.87 | K90: =B90-(E90+I90+J90) -> 4267938.5
A91: 1949 | B91: =[1]Producción!O91 -> 6372124.5 | C91: 723684.71 | D91: 624738.09 | E91: =C91-D91 -> 98946.62 | F91: 194642.27 | G91: 859572 | H91: 13372.912 | I91: 1067587.2 | J91: 1005844.5 | K91: =B91-(E91+I91+J91) -> 4199746.2
A92: 1950 | B92: =[1]Producción!O92 -> 6686124.6 | C92: 825253.97 | D92: 596817 | E92: =C92-D92 -> 228436.97 | F92: 177958.33 | G92: 795332 | H92: 12346.376 | I92: 985636.71 | J92: 1016576.9 | K92: =B92-(E92+I92+J92) -> 4455474
A93: 1951 | B93: =[1]Producción!O93 -> 6977024.1 | C93: 811843.87 | D93: 722268.3 | E93: =C93-D93 -> 89575.577 | F93: 223595.01 | G93: 884079 | H93: 14051.059 | I93: 1121725.1 | J93: 1065624.2 | K93: =B93-(E93+I93+J93) -> 4700099.3
... A152: 2010 | B152: =[1]Producción!O152 -> 67167124 | C152: 18446525 | D152: 31847352 | E152: =C152-D152 -> -13400827 | F152: 10294921 | G152: 8766513 | H152: 241797.97 | I152: 19303232 | J152: 8734804.5 | K152: =B152-(E152+I152+J152) -> 52529914
